mode,algorithm,hit_rate,precision_at_k,recall_at_k,average_precision,ndcg_at_k
item,Nearest Neighbors,0.7547169811320755,0.07547169811320753,0.7547169811320755,0.3024508335829091,0.4061520478129967
user,Nearest Neighbors,0.6855345911949685,0.06855345911949684,0.6855345911949685,0.18402964959568732,0.29800200844189834
user,Matrix Factorization,0.5448717948717948,0.054487179487179474,0.5448717948717948,0.2567485754985755,0.3228502148463818
