mode,algorithm,hit_rate,precision_at_k,recall_at_k,average_precision,ndcg_at_k
item,Nearest Neighbors,0.7612903225806451,0.0761290322580645,0.7612903225806451,0.25288274449564774,0.3659275212907964
user,Nearest Neighbors,0.632258064516129,0.06322580645161291,0.632258064516129,0.1681490015360983,0.2727092607475788
user,Matrix Factorization,0.34838709677419355,0.03483870967741936,0.34838709677419355,0.17395033282130057,0.21532707813176324
